{"cameraMode":{"drawMode":0,"name":"Shaded","section":"Shading Mode"},"sceneLighting":false,"audioPlay":false,"sceneViewState":{"m_AlwaysRefresh":false,"showFog":true,"showSkybox":false,"showFlares":true,"showImageEffects":true,"showParticleSystems":true,"showVisualEffectGraphs":true,"m_FxEnabled":true},"in2DMode":false,"pivot":{"x":-0.18588638305664063,"y":11.79404067993164,"z":90.65972900390625},"rotation":{"x":0.014090309850871563,"y":0.9812260866165161,"z":-0.17552335560321809,"w":0.07876574248075485},"size":42.508052825927737,"orthographic":false}