{"cameraMode":{"drawMode":0,"name":"Shaded","section":"Shading Mode"},"sceneLighting":true,"audioPlay":false,"sceneViewState":{"m_AlwaysRefresh":false,"showFog":true,"showSkybox":true,"showFlares":true,"showImageEffects":true,"showParticleSystems":true,"showVisualEffectGraphs":true,"m_FxEnabled":true},"in2DMode":false,"pivot":{"x":-1.3766945600509644,"y":21.82343292236328,"z":-38.2509651184082},"rotation":{"x":0.14885616302490235,"y":-0.0032676183618605139,"z":0.0004936599871143699,"w":0.9888697266578674},"size":8.161661148071289,"orthographic":false}